"year","yield","grain_acres","grain_bushels","precip_january","precip_february","precip_march","precip_april","precip_may","precip_june","precip_july","precip_august","precip_september","precip_october","precip_november","precip_december","precip_january_sq","precip_february_sq","precip_march_sq","precip_april_sq","precip_may_sq","precip_june_sq","precip_july_sq","precip_august_sq","precip_september_sq","precip_october_sq","precip_november_sq","precip_december_sq","mean_temp_january","mean_temp_february","mean_temp_march","mean_temp_april","mean_temp_may","mean_temp_june","mean_temp_july","mean_temp_august","mean_temp_september","mean_temp_october","mean_temp_november","mean_temp_december","progress8","progress9","progress10","progress11","progress12","progress13","progress14","progress15","progress16","progress17","progress18","progress19","progress20","progress21","progress22","progress23","progress24","progress25","progress26","progress27","progress28","pdsi_january","pdsi_february","pdsi_march","pdsi_april","pdsi_may","pdsi_june","pdsi_july","pdsi_august","pdsi_september","pdsi_october","pdsi_november","pdsi_december","max_temp_january","max_temp_february","max_temp_march","max_temp_april","max_temp_may","max_temp_june","max_temp_july","max_temp_august","max_temp_september","max_temp_october","max_temp_november","max_temp_december"
1975,89.9584782164042,48890000,4398070000,3.98137042339947,2.69502147678462,3.99066271221109,2.71986909388423,2.96539987727552,4.01796277357333,4.96879730006136,3.65742278584578,5.97091429740233,3.84569032521988,3.94016363264471,3.92028840253631,17.8881197790959,8.58665346696666,18.5461808754347,7.81758539578646,10.9788340355901,17.072869789323,27.9287364900798,15.4647315197382,40.5699239926365,17.1848539987728,18.5674407036204,17.4858826549397,27.4399059112293,26.7789732051544,33.1281448148906,42.155348742074,59.5940069543874,65.599202290857,71.5617508692984,69.3656371446103,59.2956023726734,52.106668030272,42.8128042544488,27.4011863366742,0,0,0,0,0,0.105769230769231,0.842443729903537,3.625,9.875,22.4647435897436,42.8910256410256,63.2916666666667,79.1479099678457,88.8685897435897,94.3108974358974,97.7179487179487,99.3525641025641,99.9711538461538,99.9807692307692,99.9871794871795,100,0,0,0.121088157087339,0.0460216813254244,0.0460216813254244,0,0.0552260175905093,0,0.161178155041931,0.415217835958274,0.369196154632849,0.369196154632849,37.5605031703825,36.8288402536306,43.681284516261,52.741214972387,72.1052976068726,76.7670280220904,82.4833299243199,80.746389854776,69.44270812027,63.5457557782778,53.4293516056453,37.473021067703
1976,90.5567911040508,50360000,4560440000,4.12631850675139,2.57475377283558,2.65380659253376,2.46636417791898,4.21870929308975,2.96653494837172,4.55905083399523,4.80445988880064,3.03601270849881,5.21071286735504,1.48520849880858,2.99419579030977,19.4796637013503,7.87177498014297,7.82634485702939,7.27306252978554,19.633096624305,10.6445218228753,23.2516870929309,26.5691328038126,10.3117704130262,31.2569111795075,2.77677646942018,10.7400327839555,20.4662231930103,31.9200754567117,36.8807982525814,48.7674543288324,55.9123312152502,68.0315329626688,69.0782565528197,67.9092136616362,59.8152700555997,46.570194598888,34.5352660841938,22.7165806195393,0,0,0,0,0,0.105769230769231,0.842443729903537,3.625,9.875,22.4647435897436,42.8910256410256,63.2916666666667,79.1479099678457,88.8685897435897,94.3108974358974,97.7179487179487,99.3525641025641,99.9711538461538,99.9807692307692,99.9871794871795,100,0.381254964257347,0,0,0,0,0,0.0758538522637014,0.305996822875298,0.305996822875298,0.441024622716442,0.0758538522637014,0.0758538522637014,31.5231135822081,44.0626092136616,48.4479745830024,61.2212470214456,68.0161834789515,79.9559571088165,80.3405281969817,79.2487490071485,71.5640389197776,56.9647934868944,44.0904686258936,33.599741858618
1977,95.1293979671619,51160000,4866820000,2.72944683346364,2.05397576231431,4.69812353401095,3.24903244722439,2.50278928850665,4.62393080531665,2.64152267396403,4.14975566849101,4.87147576231431,5.48269351055512,3.70150508209539,4.66715011727912,8.43812030883503,4.87252271305708,24.0926116106333,11.4568738272088,7.05465862001564,23.6346383307271,7.28111159108679,17.666819292416,26.2822112392494,32.9035503127443,14.9749715793589,24.7864038311181,16.0936082877248,26.5499609069586,40.371305707584,47.9822126661454,59.3515832681783,64.404319781079,70.868940578577,68.8627052384676,61.3618256450352,49.4319194683346,41.4309616888194,26.886630179828,0,0,0,0,0,0.105769230769231,0.842443729903537,3.625,9.875,22.4647435897436,42.8910256410256,63.2916666666667,79.1479099678457,88.8685897435897,94.3108974358974,97.7179487179487,99.3525641025641,99.9711538461539,99.9807692307692,99.9871794871795,100,0.0707584050039093,0,0,0,0,0,0,0,0.121383893666927,0.220484753713839,0.0707584050039093,0.291243158717748,26.3928459734167,37.2689601250977,50.7604378420641,60.48070758405,72.7640344018765,75.1759382329945,82.9623729476153,79.9550430023456,71.4720093823299,59.9653049257232,50.0319781078968,35.7716770914777
1978,107.316898685228,51720000,5550430000,6.60902745552978,1.20013921113689,3.11200116009281,2.79151198762568,3.91008120649652,3.72256960556845,3.40712296983759,3.99128383604022,1.67348801237432,2.5813128383604,2.47941415313225,3.50178654292343,48.9104473511214,1.5675216937355,11.2531381090487,8.71774706109822,16.7048655452436,14.6484972351121,13.4920468290797,18.0406527842227,2.89818441608662,8.01322221577726,6.77103149651972,14.1249957076566,20.887026295437,19.6829273008507,32.6542923433875,45.0873163186388,57.3616976024749,65.6734145398298,69.7180394431554,69.6285576179428,59.9769141531322,48.9798530549111,39.2155452436195,28.2982985305491,0,0,0,0,0,0.105769230769231,0.842443729903537,3.625,9.875,22.4647435897436,42.8910256410256,63.2916666666667,79.1479099678457,88.8685897435898,94.3108974358974,97.7179487179487,99.3525641025641,99.9711538461538,99.9807692307692,99.9871794871795,100,0.703982985305491,0.0697989172467131,0,0.0697989172467131,0.0697989172467131,0.0697989172467131,0.0697989172467131,0.0697989172467131,0.0697989172467131,0.0697989172467131,0.215970610982212,0.215970610982212,29.9675754060325,30.4729118329466,43.2573279195669,55.9488399071926,69.0317285382831,77.6002320185615,81.4263147718484,80.6314191802011,72.3132250580046,60.8983952049497,49.4372389791183,38.3698182521268
1979,115.689655172414,52200000,6.039e+09,7.52481034482759,3.18394061302682,3.44616475095785,4.07855172413793,5.10196743295019,2.60269540229885,3.91828735632184,4.9987183908046,4.895969348659,3.98946168582375,3.66102107279694,1.88433908045977,64.8801361877395,12.42275848659,13.059368467433,18.0607769731801,27.5726403256705,8.87150561302682,15.9916132183908,26.7743399042146,30.9448743678161,17.7961722796935,15.0795901724138,4.03257637931035,23.7812643678161,19.0218007662835,39.0263409961686,46.3750766283525,58.062030651341,64.6182375478927,70.8393486590038,67.9950957854406,61.245153256705,50.0953831417625,42.7626819923372,31.6856896551724,0,0,0,0,0,0,0,0,0.133908045977012,1.13026819923372,7.24329501915709,29.360153256705,68.4781904867502,88.92969348659,97.2984674329502,100,100,100,100,100,100,0,0.170114942528736,0,0,0.25632183908046,0.0446360153256705,0.0446360153256705,0.284291187739464,0.351724137931034,0.170114942528736,0.307088122605364,0.0545977011494253,32.6813984674329,28.4969157088123,49.2605172413793,56.7011685823755,68.7307662835249,76.6290996168582,81.6995019157088,78.1537164750958,72.8518007662835,60.3335440613027,52.4174712643678,41.4699233716475
1980,95.2114654517844,52680000,5015740000,1.81070045558087,1.07827258921792,4.96178435839028,3.97323082763857,2.23187927107062,3.19014806378132,3.8435516324981,2.71109149582384,3.05364844343204,3.62756264236902,3.21346051632498,1.51918185269552,4.82611004176158,1.27036985573273,28.5295064160972,17.2690260440395,6.05605049354594,10.648626309795,16.4712580675778,7.96826026955201,11.2101424449506,13.9261544039484,11.6458842255125,2.71744728549734,25.7252277904328,23.5940015186029,33.8794419134396,47.6642748671222,57.6349658314351,64.1263477600607,71.5591495823842,70.6205960516325,62.193754745634,47.975854214123,37.240337889142,24.8265755504935,0,0,0,0,0,0,0,0.0392938496583144,0.117881548974943,6.67577828397874,43.1875474563402,76.9851936218679,90.4328018223235,96.120159453303,98.1784358390281,100,100,100,100,100,100,0,0,0,0,0.0740318906605923,0.0740318906605923,0.0740318906605923,0.117691723614275,0.0740318906605923,0,0.0740318906605923,0,34.6462224753227,34.0749240698557,44.1975512528474,58.8548785117692,70.2260440394837,76.4066059225513,83.1615793470008,81.9269172361427,73.9652619589977,58.5514047076689,46.6658883826879,35.9563211845103
1981,114.704275758147,53090000,6089650000,0.89287436428706,4.92401393859484,1.51005085703522,3.01071576568092,3.62132039932191,3.9174194763609,4.64328122056884,3.59293652288567,4.09438500659258,4.43908645695988,2.2268242606894,4.23031267658693,0.938663684309663,30.6313204935016,2.69575980410623,10.2859102090789,14.1175215106423,16.1955830476549,22.0029899039367,15.6194102844227,19.2073931248823,22.2407779054436,6.20930342814089,20.2864875682803,18.5958184215483,32.332473158787,36.0754190996421,49.5040497268789,57.3783951779996,66.9806178187983,70.9022603126766,67.6236202674703,60.0160105481258,47.5996421171595,39.7961386325108,28.3883405537766,0,0,0,0,0,0,0,0,2.55453004332266,5.0484083631569,20.0945564136372,46.564889809757,65.4271990958749,77.0593332077604,85.9033716330759,91.7801845922019,94.6882652100207,100,100,100,100,0.701638726690526,0.0706347711433415,0.200226031267659,0.200226031267659,0.200226031267659,0.200226031267659,0.0706347711433415,0.0706347711433415,0.0706347711433415,0.340742135995479,0.213222829158034,0.213222829158034,29.5400640421925,43.1893576944811,46.4288943303824,61.3305330570729,69.7307214164626,78.5412883782257,81.8117536259183,79.0307214164626,70.8289508381993,58.4562064418911,49.3118289696741,36.1905443586363
1982,117.338318818629,52820000,6197810000,3.72140855736463,3.21191026126467,2.77154676258993,3.52819575918213,2.70013820522529,6.44780954184021,3.51841537296479,3.16192919348732,2.92318818629307,2.53971601666036,3.76681181370693,2.28794206739871,15.4059004922378,12.1604359522908,8.2061833585763,13.6781725672094,9.16328945475199,48.2375673419159,13.2116602612647,10.5447200492238,8.70827943960621,7.48611347974252,15.492318705036,6.37907135554714,16.6875615297236,26.125766755017,34.8302915562287,43.8901552442257,58.5015524422567,62.9679098826202,70.4950965543355,66.3957213176827,60.9456266565695,49.931654676259,41.7321469140477,33.9288148428626,0,0,0,0,0,0,0,0,1.88091631957592,18.5263157894737,50.858008330178,70.2659977281333,77.040136312003,80.4539946989777,87.9647860658841,97.17815221507,100,100,100,100,100,0.216584627035214,0,0,0,0,0,0,0.0757288905717531,0.0757288905717531,0.0757288905717531,0.0757288905717531,0.0757288905717531,27.4173040514956,36.3894547519879,45.7567020068156,55.6644263536539,71.0841915940931,73.3828663385081,82.304032563423,77.5248580083302,71.7548087845513,61.6312381673608,51.2524043922757,43.2290798939796
1983,80.6713191023536,36540000,2947730000,3.14888067870826,3.30435686918446,5.90562123700055,6.31060755336617,4.9113711001642,2.86941160372195,2.768013136289,3.41951559934319,2.32176245210728,3.67247400109469,6.63441981390257,5.49940886699507,11.853056622879,13.3244841817187,38.4878685823755,44.6434230979748,25.8311951012589,9.21721732348112,9.07267192118227,12.5010264094143,5.79629074986316,14.6300775588396,51.0793650519978,33.5707742747674,26.5391899288451,28.9729337712096,37.9817733990148,45.5409961685824,55.1275862068966,66.1971264367816,71.7728790366721,70.9226600985222,63.3294745484401,50.7289545703339,40.5000547345375,25.3259441707718,0,0,0,0,0,0,0,0,0.308155446086481,8.21647509578544,18.6836343732895,45.9854953475643,64.7304324028462,82.9433497536946,93.0249042145594,97.8538587848933,99.6986863711002,100,100,100,100,0.0766283524904215,0.0766283524904215,0.0766283524904215,0.443349753694581,0.646414887794198,0.310618500273673,0.0766283524904215,0.0766283524904215,0.0766283524904215,0.0766283524904215,0.0766283524904215,0.0766283524904215,35.6313355227148,39.2087027914614,46.7003831417625,55.3294745484401,65.9491789819376,78.7528461959496,84.1089490968801,82.7578544061303,76.147947454844,61.3860974274767,49.6059660645868,34.3550629447181
1984,109.766917293233,51870000,5693610000,2.05517447464816,4.50969539232697,4.68077887025255,3.89189897821477,6.9917717370349,4.19333333333333,5.21076923076923,2.59296510507037,1.87447272026219,2.98268748795065,2.65831887410835,2.68093310198573,4.83311033352612,23.269114459225,24.1355059186428,15.968191324465,54.516258376711,19.4540998264893,30.1315315211105,8.26077738577212,4.24314761904762,9.52974571042992,7.8750298823983,7.96140269905533,21.7534027376133,33.511702332755,31.1374397532292,45.8556969346443,55.8588779641411,66.6435126277232,69.9276460381724,70.7009253903991,58.8187198766146,53.1235396182765,39.1448043184885,33.3061307113939,0,0,0,0,0,0,0,0,0.0372084056294583,1.94736842105263,5.76229034123771,27.6668594563331,66.6728359359938,82.3015230383651,90.745324850588,97.6277231540389,100,100,100,100,100,0.075187969924812,0.075187969924812,0.323886639676113,0.440138808559861,0.909196067090804,0.658955080007712,0.792943898207056,0.075187969924812,0.075187969924812,0.075187969924812,0.075187969924812,0.11239637555427,31.7631771737035,43.471023713129,40.9658183921342,56.360690187006,67.6664545980335,78.467688451899,80.5510314247156,81.3427414690573,71.1366685945633,63.9714285714286,49.6302294197031,42.9789859263543
1985,123.567274065894,54330000,6713410000,1.66428860666299,2.66534879440456,2.50815203386711,1.52377691882938,3.59114669611633,3.52079330020247,3.94900055218112,4.93473035155531,3.42766611448555,2.96693355420578,5.43903184244432,1.56531750414136,3.8200894533407,8.55373867108412,6.68535065341432,2.43236863611264,14.1426703478741,13.0192691146696,17.8131045831033,26.635164347506,12.9046229891404,9.47408494386159,33.4612351923431,2.75897226210197,19.9121479845389,27.7888091293944,37.6581630774894,48.4012516105283,58.2874838947175,63.6367384502117,70.5759801214798,67.7640714154243,61.5864531566354,51.9420393889196,41.2503405116878,25.0634640161973,0,0,0,0,0,0,0,0.228234861034419,3.66777102889748,19.5521811154059,47.4454260997607,80.5762930241119,90.9988956377692,96.964660408614,98.7618258788883,99.7680839315295,100,100,100,100,100,0.329099944781888,0.254923614945702,0.504325418737346,0.641450395729799,0.392048591938156,0.182771949199337,0.0456469722068839,0.0456469722068839,0.0456469722068839,0.0456469722068839,0.0456469722068839,0.0456469722068839,29.3840235597276,38.0520154610712,49.2768267991901,60.8663169519602,70.9489968709737,74.7190318424443,82.4382477452604,78.7701822197681,73.1501380452789,63.0209276642739,49.5026320633168,35.08733664642
1986,126.62165425639,49690000,6291830000,3.71482994566311,2.37731938015697,2.87350774803783,2.2236687462266,2.78652847655464,3.99774803783457,4.66081304085329,4.82987321392634,2.48143690883478,2.36859327832562,4.40104648822701,4.20188770376333,17.5614256993359,6.70479927550815,9.34012384785671,6.03283073052928,8.5310644797746,18.4419497886899,22.7639675991145,26.3137631314148,7.31868009659891,6.01038136445965,21.3615990340109,20.9042999798752,26.4013886093781,26.4512779231234,37.6948681827329,49.2570738579191,58.5209096397666,65.1664318776414,70.2715636949084,67.2073656671362,59.8919299657879,50.6737572952304,37.8082511571745,30.4442342523647,0,0,0,0,0,0,0,1.51942040652043,4.40068424230227,12.1982290199235,32.5011068625478,64.2533708995774,77.3236063594285,87.3950493056953,93.2030589655866,100,100,100,100,100,100,0.0487019521030388,0.0487019521030388,0,0.215737572952304,0.215737572952304,0.379150734554236,0.379150734554236,0.379150734554236,0.379150734554236,0.379150734554236,0.238277319380157,0.123566109881264,37.1668142483397,35.880559468706,49.4889917488428,61.1450191185349,70.6184544173878,77.2628899174884,81.0659891326223,77.6802374723284,70.5412155363252,61.6964379150735,47.0941235661099,39.4514791708593
1987,126.348249478321,43130000,5449400000,4.19533503361929,1.40518664502666,2.99369812195687,5.27664502666358,2.47348249478321,3.66906793415256,2.56368421052632,2.94769070252724,5.37623000231857,2.78735219105031,2.80143751449107,2.71753535821934,20.6114530025504,3.71699566427081,9.72796285648041,35.6406951773707,6.45719436587062,15.0036595641085,6.91057855321122,9.48234933920705,31.6577692557385,9.83242418270346,8.60225179689311,8.02800215627174,24.5399721771389,26.5815905402272,37.1400417342917,48.0689311384187,58.5370971481567,67.0311152330165,71.729700904243,68.2190818455831,61.573127753304,48.0651750521679,40.1462555066079,31.5289821469974,0,0,0,0,0,0,0,0,1.24298632042662,10.1504753072108,50.5193600741943,79.3693484813355,95.6262462323209,98.7855321122189,100,100,100,100,100,100,100,0.121725017389288,0.121725017389288,0.121725017389288,0.0498492928356133,0.0498492928356133,0.0498492928356133,0.0498492928356133,0.162995594713656,0.0498492928356133,0.0498492928356133,0.0498492928356133,0.0498492928356133,34.4941340134477,37.0121261303037,48.2383028054718,59.2199165314167,71.0693021099003,78.4630651518664,83.1892881984697,79.9987015998145,72.0297936471134,60.5411082773012,50.761187108741,40.0556225365175
1988,84.537028623353,44020000,3721320000,2.47144934120854,2.86474329850068,2.07225352112676,3.03868241708314,3.45673784643344,2.00765561108587,5.15034075420264,4.32716492503408,2.51895047705588,2.70332576101772,5.1883280327124,1.23170831440254,6.80671358473421,9.40251340299864,4.98237387551113,9.87368950477056,13.0686435256702,4.59018378009995,29.4829123125852,20.3785656974103,7.105402135393,8.40423053157656,31.254395320309,1.66370745115856,22.141072239891,27.3430713312131,36.331849159473,46.4738755111313,58.1488868696047,65.8688323489323,72.4174466151749,71.6543389368469,60.1640163562017,46.8633802816901,41.1314402544298,27.734438891413,0,0,0,0,0,0,0.333484779645616,2.88777828259882,12.6678782371649,36.9045888232622,74.9550204452522,91.6506133575647,97.1544752385279,100,100,100,100,100,100,100,100,0.0458882326215357,0.0458882326215357,0.100408905043162,0.100408905043162,0.0458882326215357,0.168559745570195,0.168559745570195,0.168559745570195,0.114039073148569,0.0681508405270332,0.0681508405270332,0.0681508405270332,32.8883689232167,38.6091322126306,48.0927305770104,57.3311676510677,70.1317582916856,79.0625170377101,83.7542026351658,82.4555656519764,71.6699227623807,57.5517946388005,51.293366651522,38.2725124943208
1989,118.342569786535,48720000,5765650000,1.76193760262726,2.7620894909688,3.4350328407225,3.65013136288998,5.77724548440066,5.1078263546798,4.28487068965517,4.64232348111658,4.39466748768473,4.39537561576355,3.83860837438424,1.7423788998358,3.68236128899836,9.11011609195402,14.0910489737274,14.5008293103448,36.6737357142857,28.7654586001642,21.2526327380952,22.9305120279146,20.5673577996716,22.2618284277504,16.8044059113301,4.04711890394089,28.8338464696223,26.147249589491,34.9567939244663,45.0625,58.0918513957307,66.6802134646962,70.4977832512315,68.5298850574713,61.8354679802956,51.2221469622332,38.6889573070608,16.8925697865353,0,0,0,0,0,0,0.0470032840722496,0.141009852216749,4.94437602627258,23.4950738916256,43.4575123152709,71.0377668308703,86.8238916256158,90.3971674876847,94.1933497536946,96.7380952380952,100,100,100,100,100,0.0611658456486043,0.0611658456486043,0,0,0.0611658456486043,0.0611658456486043,0.311576354679803,0.25923645320197,0.25923645320197,0.617405582922824,0.55623973727422,0.198070607553366,39.4465927750411,36.2150041050903,46.3054802955665,56.2734400656814,69.7729885057471,77.3153530377668,81.8307881773399,78.9809934318555,72.8001642036125,63.0891215106732,48.5838054187192,27.1329844006568
1990,122.54041109559,50110000,6140500000,3.78791059668729,2.96668728796647,2.56584114947116,3.48540610656556,5.8826801037717,2.94804031131511,3.73177609259629,5.82331071642387,2.30518658950309,6.24007982438635,2.68270804230692,4.5593614049092,15.9108524047096,10.2086178207943,7.67061283177011,13.0124565755338,36.7544049291559,10.353285950908,14.3795294152864,36.8301271402914,6.05078090201557,43.8390727599282,8.43555527838755,23.2617368988226,32.5651766114548,30.9486130512872,38.4833366593494,47.262702055478,55.3797046497705,66.5089802434644,70.9888644981042,70.1643584114947,61.5269008182,53.4200359209739,42.0919377369787,33.2304929155857,0,0,0,0,0,0,0.0391139493115147,0.0782278986230293,2.35422071442826,18.5509878267811,51.440830173618,71.3430453003393,76.4871283177011,81.5166633406506,88.2751945719417,94.0794252644183,97.2241069646777,100,100,100,100,0.145679505088805,0,0,0,0,0,0,0,0,0.122729994013171,0,0.390141688285771,42.244362402714,42.5826381959689,50.040929954101,58.5592895629615,66.4253641987627,78.2250848134105,81.9125523847535,80.7351426860906,72.6214528038316,64.3400917980443,52.7918180003991,43.1981440830174
1991,109.06420233463,51400000,5605900000,3.10285019455253,1.63005836575875,4.6225,3.32901750972763,3.32306420233463,2.75558365758755,3.38868677042802,6.18991245136187,4.51030155642023,3.00960116731518,3.15346303501946,3.30681906614786,11.1832100194553,2.94077626459144,23.6464230544747,11.7676294747082,11.9972281128405,8.12645252918288,14.2846092412451,43.1945769455253,22.9665654669261,10.723011770428,11.6506540856031,12.467817996109,25.0396887159533,31.9104085603113,38.9795719844358,49.4964007782101,61.5002918287938,67.2023346303502,71.1592412451362,70.4190661478599,60.441439688716,51.93453307393,39.7541828793774,30.6657587548638,0,0,0,0,0,0,0.428015564202335,2.18677042801556,4.58463035019455,13.0077821011673,30.0437743190661,50.0107003891051,78.4533073929961,85.8482490272374,91.4552529182879,95.8112840466926,100,100,100,100,100,0,0,0.0632295719844358,0,0,0,0,0.171206225680934,0.214007782101167,0.171206225680934,0.214007782101167,0.150778210116732,34.9454280155642,42.9174124513619,49.0509727626459,61.3693579766537,74.0137159533074,79.272373540856,82.5698443579766,81.2146887159533,72.0548638132296,63.659046692607,48.6109922178988,40.6772373540856
1992,136.964565460649,53620000,7344040000,2.79036553524804,2.37348750466244,3.60752890712421,2.46322267810518,2.4271577769489,4.38320216337188,4.19587280865349,4.77771353972398,3.10186497575532,2.58395374860127,4.0874748228273,3.48537859007833,8.91051171204774,6.1401202536367,13.9044404513241,6.55108299142111,7.44922159641925,20.5347711115256,18.4072220626632,25.5616741887355,10.543161693398,7.79633715031705,19.0178628869825,15.3541385676986,26.865609847072,29.8038045505408,34.5299888101455,45.4977806788512,56.0699179410668,64.3391458411041,68.2595113763521,67.0266505035435,61.5280305856024,48.1524058187244,38.6651995524058,29.7402275270421,0,0,0,0,0,0,0.0895188362551287,1.53897799328609,5.51864975755315,7.27116747482283,25.0721745617307,76.041402461768,94.612644535621,98.3427825438269,100,100,100,100,100,100,100,0.156098470719881,0.156098470719881,0.156098470719881,0.156098470719881,0.0447594181275643,0.0447594181275643,0.0447594181275643,0.0447594181275643,0.0447594181275643,0.0447594181275643,0.0447594181275643,0.0447594181275643,36.7732748974263,39.8596605744125,45.1377471092876,56.5766878030586,69.0773218948154,75.8190041029467,78.96402461768,77.2268183513614,72.6474449832152,59.3293360686311,46.9709996270049,38.0831592689295
1993,101.404931862427,46230000,4687950000,2.83950465065974,2.84036340038936,5.11326844040666,4.51316677482154,2.14731126973827,3.21400821977071,3.0545749513303,2.75406013411205,4.21614319705819,3.41382435647848,3.57332251784555,4.21054293748648,10.0731728963876,8.68167293964958,30.6185890547264,21.7917733722691,5.22320934458144,11.5143061215661,10.2905202249621,8.00083253298724,19.0245499242916,12.6958764222366,13.7639364698248,19.8794988535583,27.7747133895739,22.0843824356478,33.9289422452953,46.8146441704521,58.4866536880813,65.8111183214363,71.8072896387627,70.3407960199005,61.6155094094744,48.6184295911746,39.5755137356695,29.6700843608047,0,0,0,0,0,0,0.0800346095608912,0.0800346095608912,0.353666450356911,3.9978369024443,12.579493835172,35.6264330521307,70.4293748648064,87.0826303266277,92.7871512005191,96.2134977287476,100,100,100,100,100,0.0400173047804456,0.0400173047804456,0.0400173047804456,0.203331170235778,0.0400173047804456,0.110966904607398,0.0709495998269522,0.27428077006273,0.234263465282284,0.234263465282284,0.234263465282284,0.234263465282284,36.7626865671642,32.9861129136924,44.7785420722475,58.1744321868916,70.801708847069,77.8775254163963,83.3653471771577,81.8202465931214,72.3046506597448,59.8457062513519,49.9613887086308,38.4302617348042
1994,143.742851838099,53860000,7741990000,4.43109357593762,2.48378017081322,5.46643705904196,2.9818251021166,3.70175083549944,3.35611028592648,4.35969365020423,4.31746750835499,3.76727627181582,1.69159858893427,3.31888600074267,3.07925919049387,21.573543984404,8.04055339769773,34.4744535647976,9.59388416264389,14.6310857593762,12.4170074452284,20.1887772187152,20.6362780170813,15.3850546787969,3.92891468622354,11.9986309691794,11.3780239695507,18.0051986632009,24.0677311548459,36.4927033048645,48.6499071667286,55.4843668770887,68.798329001114,72.8444857036762,67.8247493501671,60.5100445599703,50.7663572224285,43.5103230597846,33.5686037875975,0,0,0,0,0,0.12810991459339,0.256219829186781,1.2189008540661,13.7733011511326,43.1498329001114,59.2545488303008,79.5237653174898,93.4350167099889,98.6385072409952,100,100,100,100,100,100,100,0.06498329001114,0.127181581878945,0.237838841440772,0.127181581878945,0.127181581878945,0.127181581878945,0.127181581878945,0.127181581878945,0.06498329001114,0.06498329001114,0.06498329001114,0.06498329001114,28.721852952098,35.0067582621612,46.6283141477906,60.7673783884144,67.5533791310806,80.402636464909,83.4393056071296,78.7678425547716,71.1332714444857,62.5878388414408,54.2129223913851,43.0123096917935
1995,114.315260623822,47770000,5460840000,3.93184634707976,2.7344944525853,2.50527527737073,2.07973204940339,3.72433954364664,3.83189658781662,3.60530877119531,2.64167678459284,2.86538831902868,6.86617751727025,4.88079757169772,2.39534017165585,17.0531707557044,8.84403709441072,6.55256164957086,4.69442855348545,14.9879199706929,22.2605624241156,13.505991794013,8.35081605610216,8.36570563114926,51.0341131881934,26.6690074733096,6.40141109482939,29.7399832530877,25.5050240736864,38.3953108645593,45.0746284278836,56.1965459493406,66.7012350847812,72.6432279673435,70.6424324890098,59.8197613564999,53.6321122043123,36.778082478543,25.9873351475822,0,0,0,0,0,0,0,1.0006280092108,2.50471006908101,4.71048775382039,14.932384341637,31.6095876072849,53.2422022189659,68.767845928407,77.2616705045007,89.0628009210802,96.6223571279045,100,100,100,100,0.0648942851161817,0.0648942851161817,0.0648942851161817,0.0648942851161817,0.0648942851161817,0.0648942851161817,0.0648942851161817,0.0648942851161817,0.0648942851161817,0.0648942851161817,0.0648942851161817,0.0648942851161817,37.8453003977392,36.1104249528993,48.7856604563534,56.729014025539,67.5367176051915,78.4160351685158,83.7503454050659,82.5568348335776,71.6636801339753,65.2494871258112,45.8118903077245,34.7351894494453
1996,130.866956850871,52840000,6915010000,5.12942278576836,2.88725397426192,2.9200757002271,4.72081756245269,4.74608440575322,3.7783421650265,6.63175624526874,2.93683383800151,6.19235616956851,5.1759008327025,2.77695495836487,5.30182059046177,28.9886245457986,9.18746167676003,9.96700522331567,26.3481866010598,25.201631320969,15.0693810370931,46.3521324753974,11.1884082323997,42.0740667865254,31.285418319455,8.39837473504921,31.8155286903861,24.3787282361847,27.6799962149886,33.182740348221,46.7840272520818,56.4200037850114,67.1416540499622,69.5103330809992,69.0654806964421,61.6304314912945,50.1819454958365,36.0632286146858,33.8420704012112,0,0,0,0,0,0,0.0961392884178653,1.9439818319455,6.5889477668433,19.7730885692657,42.3151021953066,54.7297501892506,62.4008327024981,78.9174867524603,86.3321347464042,91.5492051476154,95.052611657835,100,100,100,100,0.0529901589704769,0.0529901589704769,0.10105980317941,0.232588947766843,0.301665404996215,0.0529901589704769,0.5611279333838,0.429598788796366,0.820401211203634,0.951930355791067,0.747539742619228,0.951930355791067,34.4231074943225,37.4015707797123,44.0824186222559,57.7634746404239,68.1777252081756,78.2716881150644,79.7263247539743,80.0368281604845,71.5231831945496,61.2174299772899,45.1577214231643,41.926684330053
1997,128.646341463415,53300000,6856850000,3.17540337711069,2.40921200750469,3.89945590994371,3.72638836772983,3.15833958724203,2.79851782363977,3.93338649155722,3.82924015009381,2.82630393996248,2.01312382739212,4.58639774859287,2.79867729831144,10.9401288930582,6.43614333958724,17.6350726078799,15.3047441838649,10.6561777673546,8.77230938086304,16.5017231707317,15.9945199812383,9.17837542213884,4.46507551594747,24.5408857410882,8.59500853658537,25.0889305816135,31.5479362101313,36.4022514071295,44.2436210131332,53.8881801125704,65.7136960600375,70.6750469043152,68.184990619137,61.5743902439024,50.0634146341463,37.6794559099437,30.6133208255159,0,0,0,0,0,0,0.548780487804878,1.28986866791745,4.25609756097561,17.5281425891182,53.3949343339587,73.7101313320826,90.6031894934334,96.8836772983114,98.3724202626642,100,100,100,100,100,100,0.458724202626642,0.187617260787992,0.25140712945591,0.187617260787992,0.0666041275797373,0.0666041275797373,0.0666041275797373,0.0666041275797373,0.0666041275797373,0.0666041275797373,0.0666041275797373,0.0666041275797373,34.6657598499062,41.6536585365854,47.2300187617261,55.5707317073171,65.558818011257,77.8599437148218,82.4251407129456,79.4489681050657,72.5661350844278,61.5621951219512,46.4484990619137,39.6576923076923
1998,141.062393647192,52890000,7460790000,5.34429759878994,4.21805256192097,4.33660427301947,3.56204953677444,3.93738892040083,6.73529211571185,3.33775761013424,3.16662128946871,2.38545849877103,3.78022310455663,2.12458687842692,2.14254679523539,32.3423800151257,20.4603117035356,20.0743454339195,14.3825461523918,16.982314709775,52.6777518245415,11.5045163546984,10.7771717526943,6.20887368122518,16.5309372282095,5.00140695783702,6.06438875023634,30.5644167139346,34.1700321421819,38.0250709018718,48.6578937417281,61.1228398563055,65.9063717148799,71.3864813764417,70.4924938551711,64.5751748912838,51.9170164492343,41.2226318774816,35.1480052940064,0,0,0,0,0,0,0.236339572698053,0.346757421062583,1.14728682170543,9.85554925316695,37.1913405180563,59.6797126110796,77.9016827377576,93.5212705615428,97.1232747211193,100,100,100,100,100,100,0.0631499338249196,0.0631499338249196,0.168084704102855,0.224806201550388,0.224806201550388,0.360937795424466,0.0631499338249196,0.0631499338249196,0.0631499338249196,0.0631499338249196,0.39686141047457,0.235205142749102,39.0744186046512,43.3640952921157,48.0030440536963,60.5232179996219,73.1481943656646,76.0230856494612,82.5480998298355,82.0669880884855,76.5274721119304,62.4103800340329,50.5780676876536,45.2045377197958
1999,137.622837370242,52020000,7159140000,5.2882737408689,2.37655132641292,4.15738562091503,1.89514225297962,2.99636870434448,2.6866647443291,3.30632833525567,3.38294886582084,8.80754901960784,3.81334678969627,2.61370818915802,2.16542099192618,30.9654792387543,6.55074340638216,19.2936717031911,4.91858587081892,9.57166883890811,8.26537864282968,11.2562968473664,11.7810367166474,87.90796514802,16.2514541906959,7.81151831987697,5.30435663206459,27.518492887351,32.0334486735871,37.3818723567858,48.2972895040369,58.8672433679354,68.0930603613995,73.1099192618224,69.6716647443291,63.9105728565936,49.5980584390619,45.0411188004614,32.9022875816993,0,0,0,0,0,0.40080738177624,1.58669742406767,3.36370626682045,6.68492887351019,16.7723952326028,54.9181084198385,76.9252210688197,86.8514033064206,96.1078431372549,100,100,100,100,100,100,100,0.170511341791619,0.232987312572088,0.0615148019992311,0.0615148019992311,0.232987312572088,0.232987312572088,0.232987312572088,0.392541330257593,0.1239907727797,0.283544790465206,0.1239907727797,0.1239907727797,38.5251441753172,42.9297962322184,47.7407920030757,60.1022106881968,71.6229911572472,80.2548250672818,84.5563052672049,81.1300076893503,75.0313341022684,61.4154363706267,55.8358131487889,42.3499423298731
2000,140.910475832236,53170000,7492210000,3.28476772616137,2.73545608425804,3.61758322362234,5.0116945646041,3.68435019747978,4.31200677073538,4.80827910475832,3.48836373895054,3.54300169268384,1.99093661839383,2.89545420349821,3.25214594696257,12.4077433327064,8.49920786157608,14.009171957871,27.2077671995486,14.7412357156291,20.5371295467369,24.4252174534512,13.3779051532819,15.6007947714877,5.56571530938499,8.94587017114914,12.5701449689675,25.0590182433703,31.3028775625353,41.6297536204627,46.9148956178296,58.3834869287192,66.3435019747978,68.4609178107956,68.4589806281738,61.1949407560654,51.2487869099116,38.9870603723904,24.3577957494828,0,0,0,0,0,0.260485236035358,2.3522663155915,7.41602407372579,17.0141056987023,52.3287568177544,83.0688358096671,94.291141621215,98.0317848410758,100,100,100,100,100,100,100,100,0.133533947714877,0.185630994921948,0.133533947714877,0.0620650742900132,0.114162121497085,0.0520970472070717,0.0520970472070717,0.0520970472070717,0.0520970472070717,0,0,0,35.4209140492759,42.4546924957683,53.2855181493323,57.4748354335151,70.4239232649991,77.6048711679519,79.1159300357344,78.9501034417905,72.5386496144442,63.0952040624412,47.5351514011661,33.8198420161745
2001,142.970807210031,51040000,7297230000,1.86370297805643,2.47944553291536,5.14325431034483,1.62972178683386,2.98267829153605,4.63923393416928,4.11255485893417,2.7982170846395,3.14115987460815,1.3184776645768,1.5082092476489,2.14582092476489,3.79046880877743,6.59263544278997,32.2903085227273,3.20552476489028,10.4956899490596,23.1916154976489,18.4728056818182,9.21987970219436,10.5837770768025,1.9450206700627,2.53739702194357,5.25686651645768,25.2505485893417,28.7185540752351,33.923275862069,47.7182993730408,59.0684365203762,67.8712382445141,68.9138518808777,71.7311520376175,62.1233150470219,51.7884012539185,44.6097570532915,35.8169278996865,0,0,0,0,0,0.0509404388714734,0.640478056426332,2.24471003134796,7.19690438871473,26.0591692789969,59.7680250783699,73.3299373040752,91.621473354232,95.7572492163009,100,100,100,100,100,100,100,0,0,0,0.0621081504702194,0.212578369905956,0.212578369905956,0.0621081504702194,0.212578369905956,0.212578369905956,0.212578369905956,0.4858934169279,0.59698275862069,35.6347570532915,39.4984913793103,43.6293103448276,59.9844827586207,72.0726293103448,79.3559169278997,80.1879114420063,83.2965321316614,74.0554271159875,64.6402037617555,55.732092476489,45.1851293103448
2002,135.13839811543,50940000,6883950000,2.72278170396545,2.00683549273655,3.75874361994503,3.54579701609737,3.77375539850805,3.87800942285041,3.05545740086376,2.56503533568905,3.94283078131135,4.04590106007067,4.30665096191598,3.74367294856694,8.77649255987436,5.15293985080487,15.4855896741264,14.541826756969,16.2558074008638,16.8838088339223,10.5932809972517,8.11426252453867,16.0711235178642,18.2422733019238,20.9675088339223,15.8442117196702,31.2239301138594,31.737141735375,36.8172752257558,49.508480565371,55.6782489202984,66.1468001570475,71.94617196702,71.5153513937966,64.6917353749509,49.2379466038477,38.434903808402,28.9955241460542,0,0,0,0,0,0,0.588339222614841,2.0855908912446,11.3335296427169,25.2263447192776,41.7436199450334,62.8594424813506,69.8252846486062,82.8123282292894,92.5125638005497,98.034354142128,100,100,100,100,100,0.824892029839026,0.8886925795053,0.460738123282293,0.460738123282293,0.299764428739694,0.358068315665489,0.358068315665489,0.358068315665489,0.358068315665489,0,0,0,40.6212406753043,43.1623674911661,47.5886533176286,61.0531213191991,67.9881036513545,78.1065567334119,83.4515508441304,83.7011582253632,76.2391048292108,58.6360620337652,47.2243816254417,38.1833333333333
2003,148.277237168479,52410000,7771210000,1.97816256439611,3.74495325319596,3.68560389238695,3.39485975958786,4.7389811104751,4.59878649112765,3.99557145582904,4.84201488265598,5.05668383896203,5.09115054378935,3.55881511161992,4.88671627551994,4.54911209692807,16.5932637282961,15.6334104751002,14.1126257966037,25.9940665521847,23.7074802136997,19.8433283533677,25.9809376454875,28.3170155695478,30.5094912421294,14.6580130318641,27.5616531577943,21.1827895439802,24.4918145392101,36.4655218469758,45.6047891623736,56.1702346880366,65.3865292883038,71.3025758443045,71.5824270177447,62.8435794695669,50.4306239267315,42.8354321694333,30.6787254340775,0,0,0,0,0,0,0,2.48502194237741,9.80137378362908,28.9305476054188,57.5645869108949,65.7143674871208,78.1598931501622,90.0683075748903,95.8273230299561,100,100,100,100,100,100,0.210837626407174,0,0,0,0.146918526998664,0.323220759397062,0.376645678305667,0.376645678305667,0.376645678305667,0.376645678305667,0.229727151307002,0.35661133371494,30.7599885518031,34.1696241175348,48.3638236977676,57.0555046746804,66.7632512879222,76.2892005342492,82.0499141385232,81.6146346117153,73.6689181453921,61.3480251860332,52.7597977485213,40.222896393818
2004,168.273824766783,54670000,9199530000,1.4219992683373,1.99648436070971,2.09642034022316,4.6939052496799,4.05153649167734,3.20617523321749,4.46107554417414,5.55844521675508,5.44685750868849,2.20950064020487,3.70897933052863,3.47962868117798,2.55674693616243,4.90170148161697,4.8404886592281,25.6039608560454,17.9523350832266,11.7755802816901,20.6661085787452,33.2269926102067,34.1379154746662,5.08741960856045,14.7441732028535,13.7824723431498,19.8953173586976,27.733199195171,38.9254252789464,47.9308578745198,60.2378452533382,64.7131333455277,69.9667459301262,68.6442290104262,62.7148161697457,51.3688677519663,41.2566672763856,29.7764587525151,0,0,0,0,0,0,0,3.01207243460765,19.8059264678983,38.5814889336016,67.9751234680812,88.1659045180172,95.2833363819279,97.3983903420523,100,100,100,100,100,100,100,0.229742088897018,0.177062374245473,0.177062374245473,0.177062374245473,0.0759100054874703,0.0759100054874703,0.177062374245473,0.177062374245473,0.177062374245473,0.0759100054874703,0.177062374245473,0.0759100054874703,28.9790195719773,38.2909822571794,49.40053045546,59.3198097676971,72.0956831900494,76.0499359795134,80.0815803914395,78.9177611121273,73.7227730016462,61.5395097859887,50.9942015730748,39.6274739345162
2005,152.942872589656,55490000,8486800000,3.20599747702289,2.40732924851325,3.9966786808434,4.68299873851144,4.38325283834925,3.50311227248153,4.16280951522797,3.69721211029014,2.71016579563885,9.33902685168499,4.39522796900342,3.77354658497026,11.938019102541,6.13500192827536,17.3118019643179,25.1328874391782,20.5574290322581,14.1104558479005,19.428424130474,14.1747148134799,9.06914170120742,107.073180645161,22.3134482249054,16.2113608758335,25.1386015498288,30.0936925572175,33.8903586231753,48.7318976392143,53.7692557217517,68.3570373040187,72.3979455757794,71.4870427103983,65.2780320778519,52.8280230672193,42.1987024689133,28.4528743917823,0,0,0,0,0,0,0,14.0299153000541,30.1668769147594,54.2553613263651,82.1674175527122,91.7558118579924,96.3400612723013,100,100,100,100,100,100,100,100,0.0711839971165976,0.0535231573256443,0.0535231573256443,0.0535231573256443,0.268877275184718,0.0535231573256443,0,0,0,0.564065597404938,0.564065597404938,0.564065597404938,34.9268156424581,40.7404577401334,44.4658857451793,61.040583888989,64.5247972607677,79.6853306902145,83.4595062173365,82.387565327086,77.2270499189043,61.874175527122,53.0636150657776,37.4773652910434
2006,155.650793650794,52290000,8138980000,3.93840122394339,1.96978580990629,1.06747561675273,2.92876458213808,5.40660929432014,7.64591700133869,4.21004781028877,3.90050105182635,3.94904379422452,5.63444061962134,4.72329126027921,2.55646203863071,17.7579666857908,4.37896016446739,1.3380123350545,9.32093063683305,37.6198819277108,64.1499197169631,19.2160828074202,16.2296966150316,18.5867120481928,36.1210518072289,25.4536320711417,7.19630189328744,33.368406961178,28.981239242685,37.0762287244215,50.1193918531268,57.6551348250143,67.4235226620769,73.3006693440428,69.2870529738,60.556435264869,49.9174220692293,44.149493210939,35.8674125071715,0,0,0,0,0,0,0.804742780646395,5.79575444635686,22.5132912602792,53.3340982979537,71.1202906865557,86.6724039013196,93.0893096194301,97.762287244215,100,100,100,100,100,100,100,0.580416905718111,0.344234079173838,0.263530311723083,0.0502964237903997,0.394530502964238,0.63071332950851,0.637024287626697,0.580416905718111,0.344234079173838,0.63071332950851,0.728628800917958,0.344234079173838,43.0746987951807,38.8315739147064,47.6705871103461,62.8429718875502,68.9994836488812,77.6824058137311,84.1491107286288,80.1131956397017,71.0344616561484,60.4963472939377,53.6402180149168,45.6038248231019
2007,158.773853879799,61730000,9801110000,2.88241373724283,2.02708083589827,3.76552081645877,5.46304066094282,2.78680058318484,3.15139802365139,3.76529240239754,2.84279280738701,2.30299368216426,4.02229224040175,3.40058804471084,4.17734002915924,9.1003330309412,4.34205159565851,15.3124533938118,34.1990472865706,8.5526112425077,10.2449139154382,15.4337933419731,9.24176494411145,5.62616844322048,17.3921508990766,16.6370617365949,18.8646002915924,29.0677466385874,22.8730439008586,37.5820832658351,45.2116636967439,58.6338733192937,66.8794103353313,70.2911064312328,70.8018629515633,63.908051190669,56.1575895026729,39.355094767536,29.6818078729953,0,0,0,0,0,0,0.694151952049247,1.16102381338085,8.30536206058643,21.8271504940872,53.8243965656893,79.1913170257573,93.2708569577191,98.0698201846752,100,100,100,100,100,100,100,0.338571197148874,0.127166693665965,0.127166693665965,0.563745342621092,0.338571197148874,0.338571197148874,0.127166693665965,0.149036125060748,0.252227442086506,0.252227442086506,0.252227442086506,0.252227442086506,38.4080835898267,32.9398185647173,49.4579134942491,55.8892272800907,71.6292402397538,78.6662238781792,81.5340839138182,82.6159241859712,76.3896160699822,67.2583346832982,49.3473351692856,38.547043576867
2008,162.768723252496,56080000,9128070000,2.25179386590585,5.37226283880171,4.18867689015692,3.94466119828816,2.81426176890157,4.68143366619116,5.44264087018545,4.32017296718973,5.61439194008559,2.78620542082739,3.72914229671897,5.11476105563481,5.64675121255349,35.214054903709,19.6397719329529,16.757344721826,11.0459878388017,24.4926075606277,31.0735991975749,20.8579629636234,36.0154463801712,8.78233694721826,15.5185219151213,29.3554609129815,27.669365192582,29.617760342368,35.6631419400856,48.8093616262482,55.6361269614836,67.9784950071327,71.743152639087,68.204440085592,62.7408880171184,49.8700249643367,39.7744828815977,30.6789051355207,0,0,0,0,0,0,0,0.0945078459343795,0.784593437945792,5.72200427960057,22.904422253923,48.1706490727532,71.4019258202568,87.6497860199715,94.2713980028531,100,100,100,100,100,100,0.249821683309558,0.590406562054208,0.590406562054208,0.493045649072753,0.152460770328103,0.493045649072753,0.493045649072753,0.493045649072753,0.776925820256776,0.776925820256776,0.624465049928673,0.624465049928673,37.7074536376605,39.8677068473609,46.8162268188302,61.0698644793153,67.9919044222539,79.2155670470756,82.6611982881598,78.9203102710414,73.4392653352354,61.1892118402282,48.8825606276747,40.5691690442225
2009,172.998080279232,57300000,9912790000,2.86380628272251,1.75037172774869,2.95261780104712,3.50488481675393,4.47716230366492,5.28434554973822,6.01812565445026,4.45810296684119,2.51272251308901,4.85001047120419,3.90526527050611,4.82796684118674,9.35021010471204,3.58701108202443,10.1139715183246,13.3542631588133,22.4401988481675,29.5693685165794,40.5185042233857,20.9418484642234,7.40749183246073,25.5721468411867,18.7213136998255,26.0950211692845,21.5896684118674,29.5883595113438,36.7092495636998,48.8921989528796,58.1739616055846,65.1075916230367,68.3391972076789,70.8641535776614,61.2206282722513,48.5839965095986,44.6261256544503,28.7836823734729,0,0,0,0,0,0,0,0.254799301919721,2.5282722513089,22.9251308900524,34.0169284467714,49.6246073298429,62.9244328097731,82.6286212914485,92.8392670157068,96.8457242582897,100,100,100,100,100,0.617626527050611,0.539965095986038,0.385514834205934,0.0547993019197208,0.105759162303665,0.385514834205934,0.617626527050611,0.668586387434555,0.668586387434555,0.617626527050611,0.617626527050611,0.712914485165794,31.9459162303665,40.6603141361257,47.7748691099476,60.8895462478185,69.6687085514834,75.0079406631763,78.4293717277487,81.4279406631763,72.3968760907504,57.8755671902269,54.4996858638743,37.2488307155323
2010,159.508562532434,57810000,9221190000,3.17486594014876,3.35022314478464,5.89792250475696,2.07249956754887,3.01914374675662,3.95183532260855,3.47056391627746,3.45134059851237,4.23485902093064,4.90645563051375,3.12692267773742,3.82603009859886,11.1760102404428,12.3669764400623,43.6139770108978,4.66100013838436,10.6421716139076,17.2159337484864,12.3856775471372,12.674017574814,21.8689111918353,28.8158111053451,12.2253373118838,17.3717371734994,26.2572046358761,28.4148417228853,41.1751254108286,51.606088911953,60.4469468950009,68.6032693305657,73.7460819927348,71.0230236983221,64.4896730669434,52.0270195467912,40.5911261027504,27.3574295104653,0,0,0,0,0,0,1.1890676353572,18.3781352707144,55.1008476042207,72.6538661131292,85.0705760249092,89.6431413250303,93.8382632762498,97.6301677910396,100,100,100,100,100,100,100,0.496280920256011,0.507524649714582,0.722020411693479,0.182840339041688,0.0565646081992735,0.0565646081992735,0.0565646081992735,0.0565646081992735,0.0565646081992735,0.0565646081992735,0.0565646081992735,0.0565646081992735,34.9040650406504,35.8633454419651,51.459782044629,64.3117280747276,72.8457187337831,79.7168828922332,85.0075246497146,82.1939456841377,75.8181629475869,62.816606123508,50.577356858675,35.3887735685867
2011,155.141791044776,60300000,9355050000,2.29635986733002,2.93553897180763,4.36311774461028,4.67271973466003,4.08642620232173,3.95975124378109,3.24830016583748,7.32340796019901,5.48043946932007,4.78339137645108,3.22434494195688,3.42159203980099,6.04104751243781,9.58152189054726,20.9855671641791,24.1774449419569,18.3420632669983,17.2586747927032,11.1026717247098,59.1968624378109,33.9942907960199,26.6504514925373,11.7731666666667,12.8613252072969,23.7167495854063,28.016583747927,36.9302653399668,49.0513266998342,58.9994195688226,67.2238805970149,73.5863184079602,70.6617744610282,64.3776119402985,52.2550580431177,44.3165008291874,34.8364013266998,0,0,0,0,0,0,1.57960199004975,4.28109452736318,5.18573797678275,8.40796019900498,40.1575456053068,65.153399668325,81.7064676616915,86.8731343283582,93.9444444444444,98.9626865671642,100,100,100,100,100,0.0530679933665008,0.0530679933665008,0.0530679933665008,0.103648424543947,0.308457711442786,0.308457711442786,0.262852404643449,0.436152570480929,0.61028192371476,0.61028192371476,0.132669983416252,0.132669983416252,33.1756218905473,39.436815920398,47.4035655058043,59.9522388059701,69.6196517412935,78.6435323383085,85.1408789386401,81.3418739635158,74.3567993366501,62.2334991708126,55.4605306799337,44.6086235489221
2012,124.028057087253,61660000,7647570000,2.71391339604282,1.56146610444372,2.29721375283814,3.07111417450535,4.68440480051898,4.22503081414207,3.33178884203698,4.28558384690237,4.3823807979241,4.83366039571846,0.923013298734998,4.46627797599741,8.15092920856309,2.75009594550762,6.94372637041842,10.0939361174181,23.5719347388907,21.9794370094064,13.6479427019137,20.1054567142394,21.1873213752838,27.4584700129744,0.947234187479728,22.0823713104119,30.174602659747,32.8773434965942,45.5465942264029,49.6576710995783,61.201524489134,66.4141096334739,73.7404476159585,71.3186831008758,62.299935128122,52.8302951670451,38.7996594226403,34.1716996432047,0,0,0,0,0,1.67255919558871,5.99026921829387,16.1625040544924,27.1482322413234,56.6808303600389,74.9709698345767,90.0240025948751,97.4878365228673,100,100,100,100,100,100,100,100,0.0535192993837172,0.0535192993837172,0.0535192993837172,0.0535192993837172,0.0535192993837172,0.0535192993837172,0.11271488809601,0.11271488809601,0.11271488809601,0.11271488809601,0.11271488809601,0.11271488809601,40.0398151151476,43.3167369445345,57.3709698345767,61.9813979889718,72.2419721050924,78.0768731754784,85.3287382419721,82.5270353551735,73.9432208887447,62.9485566007136,48.8334252351606,42.7531625040545
2013,164.613472858077,61160000,10067760000,2.48452092871158,2.99623446697188,2.53443427076521,2.59279103989536,4.52928875081753,7.15824231523872,5.24317527795945,4.04260300850229,3.60285153695226,2.21311478090255,3.29855297580118,4.08640778286462,8.15547117396992,10.3677938358404,7.10057635709614,7.84097601373447,22.1926532864617,56.4689350065402,30.2828076193591,17.1509229888816,14.7555996075867,6.53827961085677,11.9863996239372,18.9423567527796,28.0759156311315,29.263096795291,35.6864780902551,47.4356278613473,58.2896827992152,67.4598593852191,73.1519947678221,68.7440974493133,62.3036788750818,52.2785971223022,38.5357096141269,29.3541693917593,0,0,0,0,0,0,0,0.672498364944408,1.02943100065402,2.09025506867233,8.52109221713538,26.2658600392413,73.3222694571615,87.899607586658,92.0070307390451,95.5376062786135,100,100,100,100,100,0.113309352517986,0.113309352517986,0.113309352517986,0.052321778940484,0.052321778940484,0.052321778940484,0.208469587965991,0.208469587965991,0.192936559843035,0.0609875735775016,0.0609875735775016,0.0609875735775016,37.8281883584042,38.3025179856115,45.142331589274,59.3313276651406,70.6242969260955,78.2381458469588,83.0877861347286,79.399803793329,73.6171844342708,63.1140124264225,48.7519293655984,38.4223021582734
2014,178.328626659943,59490000,10608770000,2.84837283577072,3.24252479408304,3.68060346276685,3.55561943183728,3.83274668011431,3.7885644646159,5.46252311312826,3.72052613884687,2.3931753235838,4.62736930576567,3.30374180534544,4.43683140023533,9.21196602790385,11.9519862161708,14.9771697932426,13.9066049756262,15.5144014288116,15.6267657925702,32.6574493360229,14.4986194486468,7.63156873424105,25.0776859976467,12.3167397881997,22.5200826861657,23.3072617246596,26.3911413682972,31.0185577407968,47.4601613716591,58.5603967053286,67.3139519246932,70.9358211464112,68.2350647167591,62.8222894604135,53.7132291141368,37.568347621449,34.1042191965036,0,0,0,0,0,0,0.113632543284586,0.859304084720121,3.70011766683476,17.8537569339385,29.5498403092957,64.3602286098504,77.4425953941839,91.1217011262397,96.7431501092621,98.9324256177509,99.6192637418053,99.6192637418053,99.7461758278702,99.8730879139351,100,0.0583291309463775,0.11514540258867,0.11514540258867,0.11514540258867,0.11514540258867,0.11514540258867,0.255841317868549,0.0583291309463775,0.0583291309463775,0.0583291309463775,0.0583291309463775,0.0583291309463775,33.8616742309632,36.963018994789,42.79011598588,59.668061859136,70.2652210455539,78.9542612203732,81.7296520423601,78.9562447470163,73.901899478904,63.823768700622,47.1505967389477,41.8123382081022
2015,175.366466036114,58150000,10197560000,3.24614789337919,2.3676543422184,2.66089939810834,3.21028374892519,2.32900085984523,6.1577747205503,3.89636285468616,3.32430266552021,4.28286844368014,4.28381771281169,3.02601031814273,4.97560275150473,11.519363422184,6.36975293207223,8.86898804815133,12.1276609114359,6.57135078245916,40.6724037489252,15.9742558383491,11.4063983147034,19.7805785038693,20.4603106104901,12.6471090799656,27.3657101461737,23.870369733448,18.4606706792777,33.8307136715391,47.5770077386071,61.4492519346518,66.2383319002579,71.1187618228719,70.862252794497,66.3555975924334,50.9507824591574,44.3429750644884,40.6181083404987,0,0,0,0,0,0,0.185526399460316,0.26792777300086,7.74170249355116,19.5948409286328,59.185554600172,79.0412725709372,88.1021496130696,93.5561478933792,96.3537403267412,98.6570937231298,99.6292347377472,99.6822012037833,99.7881341358555,99.8411006018917,100,0.0560619088564058,0.0560619088564058,0,0,0,0.0560619088564058,0.0560619088564058,0.0560619088564058,0.0560619088564058,0.0560619088564058,0.0560619088564058,0.2134135855546,33.9935683576956,29.8207738607051,45.3508512467756,59.2048323301806,74.4530696474635,76.7740670679278,81.9646087704213,81.9931556319862,78.0129148753224,61.8550472914875,54.6122613929493,48.8012553740327
2016,185.433889816361,59900000,11107490000,2.2919816360601,-9.99,-9.99,-9.99,-9.99,-9.99,-9.99,-9.99,-9.99,-9.99,-9.99,-9.99,5.79599550918197,99.8001,99.8001,99.8001,99.8001,99.8001,99.8001,99.8001,99.8001,99.8001,99.8001,99.8001,27.7721702838063,-99.9,-99.9,-99.9,-99.9,-99.9,-99.9,-99.9,-99.9,-99.9,-99.9,-99.9,0,0,0,0,0,0.175292153589316,1.78464106844741,11.6419031719533,32.29632721202,47.942570951586,67.2317195325543,76.8190317195326,87.4191986644407,94.9529215358932,98.1562604340568,99.8173622704508,100,100,100,100,100,0.0550918196994992,1,1,1,1,1,1,1,1,1,1,1,37.0416360601002,-99.9,-99.9,-99.9,-99.9,-99.9,-99.9,-99.9,-99.9,-99.9,-99.9,-99.9
2017,178.720659722222,57600000,10294310000,3.49900173611111,2.13394618055556,3.02396875,4.50849479166667,5.45851736111111,3.94789583333333,4.12553819444444,3.573921875,-9.99,-9.99,-9.99,-9.99,13.1969197048611,5.53633522569444,10.0932247916667,22.4452905381944,31.9214689236111,16.9857014236111,19.3206147569444,14.11174421875,99.8001,99.8001,99.8001,99.8001,31.6905208333333,34.9086631944444,35.2736111111111,51.7521701388889,57.48734375,67.0924826388889,71.5381597222222,68.6020138888889,-99.9,-99.9,-99.9,-99.9,0,0,0,0,0,0.0538194444444444,0.459201388888889,3.50920138888889,16.5020833333333,36.2649305555556,50.8324652777778,76.5319444444444,88.0305555555556,93.2791666666667,97.3880208333333,99.5892361111111,100,100,100,100,100,0,0,0,0,0,0,0,0,1,1,1,1,40.0435763888889,45.84671875,46.0302951388889,62.8394270833333,68.0381597222222,78.6873263888889,82.4246006944445,79.6068923611111,-99.9,-99.9,-99.9,-99.9
